{
    "experiment_name": "Two-Stage Hybrid Pipeline (IF -> XGBoost)",
    "accuracy": 0.7993344756671673,
    "inference_duration_seconds": 2.9518659114837646,
    "stage1_anomalies_flagged": 93630,
    "stage1_bypassed": 530239,
    "report": {
        "BENIGN": {
            "precision": 0.7841748959691944,
            "recall": 0.9998152303022304,
            "f1-score": 0.8789622685292616,
            "support": 454620.0
        },
        "Bot": {
            "precision": 1.0,
            "recall": 0.01272264631043257,
            "f1-score": 0.02512562814070352,
            "support": 393.0
        },
        "DDoS": {
            "precision": 0.9999149804455024,
            "recall": 0.4593243507127514,
            "f1-score": 0.6294859100275644,
            "support": 25605.0
        },
        "DoS GoldenEye": {
            "precision": 0.9965899403239556,
            "recall": 0.5677513355998057,
            "f1-score": 0.7233910891089109,
            "support": 2059.0
        },
        "DoS Hulk": {
            "precision": 0.9998309268589591,
            "recall": 0.6397922752353132,
            "f1-score": 0.7802818388135325,
            "support": 46215.0
        },
        "DoS Slowhttptest": {
            "precision": 0.9251769464105156,
            "recall": 0.8318181818181818,
            "f1-score": 0.8760172331258975,
            "support": 1100.0
        },
        "DoS slowloris": {
            "precision": 1.0,
            "recall": 0.5599654874892148,
            "f1-score": 0.7179203539823009,
            "support": 1159.0
        },
        "FTP-Patator": {
            "precision": 1.0,
            "recall": 0.0006297229219143577,
            "f1-score": 0.0012586532410320957,
            "support": 1588.0
        },
        "Heartbleed": {
            "precision": 1.0,
            "recall": 1.0,
            "f1-score": 1.0,
            "support": 2.0
        },
        "Infiltration": {
            "precision": 0.75,
            "recall": 0.8571428571428571,
            "f1-score": 0.8,
            "support": 7.0
        },
        "PortScan": {
            "precision": 0.9607843137254902,
            "recall": 0.001541559176996162,
            "f1-score": 0.003078179476709489,
            "support": 31786.0
        },
        "SSH-Patator": {
            "precision": 1.0,
            "recall": 0.0008481764206955047,
            "f1-score": 0.001694915254237288,
            "support": 1179.0
        },
        "Web Attack \u0096 Brute Force": {
            "precision": 0.9375,
            "recall": 0.04983388704318937,
            "f1-score": 0.0946372239747634,
            "support": 301.0
        },
        "Web Attack \u0096 Sql Injection": {
            "precision": 0.0,
            "recall": 0.0,
            "f1-score": 0.0,
            "support": 4.0
        },
        "Web Attack \u0096 XSS": {
            "precision": 1.0,
            "recall": 0.023076923076923078,
            "f1-score": 0.045112781954887216,
            "support": 130.0
        },
        "NaN": {
            "precision": 0.0,
            "recall": 0.0,
            "f1-score": 0.0,
            "support": 57721.0
        },
        "accuracy": 0.7993344756671673,
        "macro avg": {
            "precision": 0.8346232502333512,
            "recall": 0.37526641457815657,
            "f1-score": 0.41106037972686255,
            "support": 623869.0
        },
        "weighted avg": {
            "precision": 0.7480083183951537,
            "recall": 0.7993344756671673,
            "f1-score": 0.7296585568800235,
            "support": 623869.0
        }
    }
}