{
    "results": [
        {
            "name": "XGB_BalancedWeights",
            "accuracy": 0.9981082718506965,
            "auc_pr": 0.9016098591949915,
            "report": {
                "BENIGN": {
                    "precision": 0.9999713495465514,
                    "recall": 0.9980467203378646,
                    "f1-score": 0.9990081079742175,
                    "support": 454620.0
                },
                "Bot": {
                    "precision": 0.5305291723202171,
                    "recall": 0.9949109414758269,
                    "f1-score": 0.6920353982300885,
                    "support": 393.0
                },
                "DDoS": {
                    "precision": 0.9975454864222543,
                    "recall": 0.9999218933062564,
                    "f1-score": 0.9987322762467575,
                    "support": 25606.0
                },
                "DoS GoldenEye": {
                    "precision": 0.978116079923882,
                    "recall": 0.9985429820301117,
                    "f1-score": 0.9882239846190819,
                    "support": 2059.0
                },
                "DoS Hulk": {
                    "precision": 0.996935295895023,
                    "recall": 0.9995023260846045,
                    "f1-score": 0.9982171606392289,
                    "support": 46215.0
                },
                "DoS Slowhttptest": {
                    "precision": 0.9302721088435374,
                    "recall": 0.9945454545454545,
                    "f1-score": 0.961335676625659,
                    "support": 1100.0
                },
                "DoS slowloris": {
                    "precision": 0.9763113367174281,
                    "recall": 0.9956859361518551,
                    "f1-score": 0.9859034600598034,
                    "support": 1159.0
                },
                "FTP-Patator": {
                    "precision": 0.9974858579509742,
                    "recall": 0.9993702770780857,
                    "f1-score": 0.9984271783579742,
                    "support": 1588.0
                },
                "Heartbleed": {
                    "precision": 1.0,
                    "recall": 1.0,
                    "f1-score": 1.0,
                    "support": 2.0
                },
                "Infiltration": {
                    "precision": 0.75,
                    "recall": 0.8571428571428571,
                    "f1-score": 0.8,
                    "support": 7.0
                },
                "PortScan": {
                    "precision": 0.9939314314314315,
                    "recall": 0.9996224753035928,
                    "f1-score": 0.9967688301910468,
                    "support": 31786.0
                },
                "SSH-Patator": {
                    "precision": 0.9983050847457627,
                    "recall": 0.9991518235793045,
                    "f1-score": 0.9987282746926663,
                    "support": 1179.0
                },
                "Web Attack Brute Force": {
                    "precision": 0.7507692307692307,
                    "recall": 0.8106312292358804,
                    "f1-score": 0.7795527156549521,
                    "support": 301.0
                },
                "Web Attack Sql Injection": {
                    "precision": 0.25,
                    "recall": 0.25,
                    "f1-score": 0.25,
                    "support": 4.0
                },
                "Web Attack XSS": {
                    "precision": 0.4921875,
                    "recall": 0.4846153846153846,
                    "f1-score": 0.4883720930232558,
                    "support": 130.0
                },
                "accuracy": 0.9981082718506965,
                "macro avg": {
                    "precision": 0.8428239956377528,
                    "recall": 0.8921126867258053,
                    "f1-score": 0.8623536770876489,
                    "support": 566149.0
                },
                "weighted avg": {
                    "precision": 0.9984175581313769,
                    "recall": 0.9981082718506965,
                    "f1-score": 0.9982091216502031,
                    "support": 566149.0
                }
            },
            "duration": 37.103801012039185
        },
        {
            "name": "XGB_SMOTE",
            "accuracy": 0.9968312228759567,
            "auc_pr": 0.9014539592570148,
            "report": {
                "BENIGN": {
                    "precision": 0.9999713054687362,
                    "recall": 0.9965135717742291,
                    "f1-score": 0.998239444378341,
                    "support": 454620.0
                },
                "Bot": {
                    "precision": 0.2982456140350877,
                    "recall": 0.9949109414758269,
                    "f1-score": 0.45892018779342725,
                    "support": 393.0
                },
                "DDoS": {
                    "precision": 0.9970404984423676,
                    "recall": 0.9999218933062564,
                    "f1-score": 0.9984791171079826,
                    "support": 25606.0
                },
                "DoS GoldenEye": {
                    "precision": 0.9776722090261283,
                    "recall": 0.9995143273433705,
                    "f1-score": 0.9884726224783862,
                    "support": 2059.0
                },
                "DoS Hulk": {
                    "precision": 0.9969568126389399,
                    "recall": 0.9995023260846045,
                    "f1-score": 0.9982279465790724,
                    "support": 46215.0
                },
                "DoS Slowhttptest": {
                    "precision": 0.9341317365269461,
                    "recall": 0.9927272727272727,
                    "f1-score": 0.9625385632437197,
                    "support": 1100.0
                },
                "DoS slowloris": {
                    "precision": 0.9584717607973422,
                    "recall": 0.9956859361518551,
                    "f1-score": 0.9767245027507406,
                    "support": 1159.0
                },
                "FTP-Patator": {
                    "precision": 0.9981132075471698,
                    "recall": 0.9993702770780857,
                    "f1-score": 0.9987413467589679,
                    "support": 1588.0
                },
                "Heartbleed": {
                    "precision": 1.0,
                    "recall": 1.0,
                    "f1-score": 1.0,
                    "support": 2.0
                },
                "Infiltration": {
                    "precision": 0.5,
                    "recall": 0.8571428571428571,
                    "f1-score": 0.631578947368421,
                    "support": 7.0
                },
                "PortScan": {
                    "precision": 0.9938066937754144,
                    "recall": 0.9995595545208582,
                    "f1-score": 0.9966748227617793,
                    "support": 31786.0
                },
                "SSH-Patator": {
                    "precision": 0.9915824915824916,
                    "recall": 0.9991518235793045,
                    "f1-score": 0.9953527672158851,
                    "support": 1179.0
                },
                "Web Attack Brute Force": {
                    "precision": 0.67601246105919,
                    "recall": 0.7209302325581395,
                    "f1-score": 0.6977491961414791,
                    "support": 301.0
                },
                "Web Attack Sql Injection": {
                    "precision": 0.4,
                    "recall": 0.5,
                    "f1-score": 0.4444444444444444,
                    "support": 4.0
                },
                "Web Attack XSS": {
                    "precision": 0.3080568720379147,
                    "recall": 0.5,