{
    "results": [
        {
            "name": "XGB_BalancedWeights",
            "accuracy": 0.9982464267338175,
            "auc_pr": 0.9025422983383556,
            "report": {
                "BENIGN": {
                    "precision": 0.9999647365045501,
                    "recall": 0.9980005279134222,
                    "f1-score": 0.9989816666978588,
                    "support": 454620.0
                },
                "Bot": {
                    "precision": 0.5052083333333334,
                    "recall": 0.9872773536895675,
                    "f1-score": 0.6683893195521102,
                    "support": 393.0
                },
                "DDoS": {
                    "precision": 0.9987127476985489,
                    "recall": 0.9999218902558095,
                    "f1-score": 0.9993169532210534,
                    "support": 25605.0
                },
                "DoS GoldenEye": {
                    "precision": 0.9846743295019157,
                    "recall": 0.9985429820301117,
                    "f1-score": 0.9915601639739571,
                    "support": 2059.0
                },
                "DoS Hulk": {
                    "precision": 0.9963761081990552,
                    "recall": 0.999480688088283,
                    "f1-score": 0.9979259835374943,
                    "support": 46215.0
                },
                "DoS Slowhttptest": {
                    "precision": 0.9286321155480034,
                    "recall": 0.9936363636363637,
                    "f1-score": 0.9600351339481774,
                    "support": 1100.0
                },
                "DoS slowloris": {
                    "precision": 0.986336464560205,
                    "recall": 0.996548748921484,
                    "f1-score": 0.9914163090128756,
                    "support": 1159.0
                },
                "FTP-Patator": {
                    "precision": 0.996859296482412,
                    "recall": 0.9993702770780857,
                    "f1-score": 0.9981132075471698,
                    "support": 1588.0
                },
                "Heartbleed": {
                    "precision": 1.0,
                    "recall": 1.0,
                    "f1-score": 1.0,
                    "support": 2.0
                },
                "Infiltration": {
                    "precision": 0.6666666666666666,
                    "recall": 0.8571428571428571,
                    "f1-score": 0.75,
                    "support": 7.0
                },
                "PortScan": {
                    "precision": 0.9937449177456683,
                    "recall": 0.9996224753035928,
                    "f1-score": 0.9966750313676286,
                    "support": 31786.0
                },
                "SSH-Patator": {
                    "precision": 1.0,
                    "recall": 0.9991518235793045,
                    "f1-score": 0.9995757318625371,
                    "support": 1179.0
                },
                "Web Attack \u0096 Brute Force": {
                    "precision": 0.7393939393939394,
                    "recall": 0.8106312292358804,
                    "f1-score": 0.7733755942947702,
                    "support": 301.0
                },
                "Web Attack \u0096 Sql Injection": {
                    "precision": 0.2,
                    "recall": 0.25,
                    "f1-score": 0.2222222222222222,
                    "support": 4.0
                },
                "Web Attack \u0096 XSS": {
                    "precision": 0.49242424242424243,
                    "recall": 0.5,
                    "f1-score": 0.4961832061068702,
                    "support": 130.0
                },
                "NaN": {
                    "precision": 1.0,
                    "recall": 1.0,
                    "f1-score": 1.0,
                    "support": 57721.0
                },
                "accuracy": 0.9982464267338175,
                "macro avg": {
                    "precision": 0.8430621186286588,
                    "recall": 0.8993329510546726,
                    "f1-score": 0.8652356577090453,
                    "support": 623869.0
                },
                "weighted avg": {
                    "precision": 0.998572470784939,
                    "recall": 0.9982464267338175,
                    "f1-score": 0.9983559683657209,
                    "support": 623869.0
                }
            },
            "duration": 57.16721057891846
        },
        {
            "name": "XGB_SMOTE",
            "accuracy": 0.9970250164698038,
            "auc_pr": 0.9052602176412049,
            "report": {
                "BENIGN": {
                    "precision": 0.9999536397232512,
                    "recall": 0.9963332013549778,
                    "f1-score": 0.9981401375504907,
                    "support": 454620.0
                },
                "Bot": {
                    "precision": 0.31026252983293556,
                    "recall": 0.9923664122137404,
                    "f1-score": 0.4727272727272727,
                    "support": 393.0
                },
                "DDoS": {
                    "precision": 0.9983233252748966,
                    "recall": 0.9999218902558095,
                    "f1-score": 0.9991219683518371,
                    "support": 25605.0
                },
                "DoS GoldenEye": {
                    "precision": 0.9809160305343512,
                    "recall": 0.9985429820301117,
                    "f1-score": 0.9896510228640193,
                    "support": 2059.0
                },
                "DoS Hulk": {
                    "precision": 0.9943392165303487,
                    "recall": 0.9996105160662123,
                    "f1-score": 0.9969678985702725,
                    "support": 46215.0
                },
                "DoS Slowhttptest": {
                    "precision": 0.9215851602023609,
                    "recall": 0.9936363636363637,
                    "f1-score": 0.9562554680664916,
                    "support": 1100.0
                },
                "DoS slowloris": {
                    "precision": 0.9705882352941176,
                    "recall": 0.996548748921484,
                    "f1-score": 0.9833971902937421,
                    "support": 1159.0
                },
                "FTP-Patator": {
                    "precision": 0.9981132075471698,
                    "recall": 0.9993702770780857,
                    "f1-score": 0.9987413467589679,
                    "support": 1588.0
                },
                "Heartbleed": {
                    "precision": 1.0,
                    "recall": 1.0,
                    "f1-score": 1.0,
                    "support": 2.0
                },
                "Infiltration": {
                    "precision": 0.4,
                    "recall": 0.8571428571428571,
                    "f1-score": 0.5454545454545454,
                    "support": 7.0
                },
                "PortScan": {
                    "precision": 0.9937138389366693,
                    "recall": 0.9996224753035928,
                    "f1-score": 0.9966593999466759,
                    "support": 31786.0
                },
                "SSH-Patator": {
                    "precision": 0.9974597798475868,
                    "recall": 0.9991518235793045,
                    "f1-score": 0.9983050847457627,
                    "support": 1179.0
                },
                "Web Attack \u0096 Brute Force": {
                    "precision": 0.6489675516224189,
                    "recall": 0.7308970099667774,
                    "f1-score": 0.6875,
                    "support": 301.0
                },
                "Web Attack \u0096 Sql Injection": {
                    "precision": 0.4,
                    "recall": 0.5,