{
    "results": [
        {
            "name": "XGB_BalancedWeights",
            "accuracy": 0.9982704702429517,
            "report": {
                "BENIGN": {
                    "precision": 0.9999625341875539,
                    "recall": 0.9980423210593463,
                    "f1-score": 0.9990015048983506,
                    "support": 454620.0
                },
                "Bot": {
                    "precision": 0.5132275132275133,
                    "recall": 0.9872773536895675,
                    "f1-score": 0.6753698868581375,
                    "support": 393.0
                },
                "DDoS": {
                    "precision": 0.9987906686432082,
                    "recall": 0.9999218902558095,
                    "f1-score": 0.9993559593278557,
                    "support": 25605.0
                },
                "DoS GoldenEye": {
                    "precision": 0.9832615973218556,
                    "recall": 0.9985429820301117,
                    "f1-score": 0.9908433734939759,
                    "support": 2059.0
                },
                "DoS Hulk": {
                    "precision": 0.9963116345282774,
                    "recall": 0.999480688088283,
                    "f1-score": 0.9978936452898668,
                    "support": 46215.0
                },
                "DoS Slowhttptest": {
                    "precision": 0.9357876712328768,
                    "recall": 0.9936363636363637,
                    "f1-score": 0.9638447971781305,
                    "support": 1100.0
                },
                "DoS slowloris": {
                    "precision": 0.984641638225256,
                    "recall": 0.9956859361518551,
                    "f1-score": 0.9901329901329902,
                    "support": 1159.0
                },
                "FTP-Patator": {
                    "precision": 0.996859296482412,
                    "recall": 0.9993702770780857,
                    "f1-score": 0.9981132075471698,
                    "support": 1588.0
                },
                "Heartbleed": {
                    "precision": 1.0,
                    "recall": 1.0,
                    "f1-score": 1.0,
                    "support": 2.0
                },
                "Infiltration": {
                    "precision": 0.6666666666666666,
                    "recall": 0.8571428571428571,
                    "f1-score": 0.75,
                    "support": 7.0
                },
                "PortScan": {
                    "precision": 0.9938690606525071,
                    "recall": 0.9995910149122255,
                    "f1-score": 0.9967218257391577,
                    "support": 31786.0
                },
                "SSH-Patator": {
                    "precision": 1.0,
                    "recall": 0.9991518235793045,
                    "f1-score": 0.9995757318625371,
                    "support": 1179.0
                },
                "Web Attack \u0096 Brute Force": {
                    "precision": 0.7335329341317365,
                    "recall": 0.813953488372093,
                    "f1-score": 0.7716535433070866,
                    "support": 301.0
                },
                "Web Attack \u0096 Sql Injection": {
                    "precision": 0.3333333333333333,
                    "recall": 0.25,
                    "f1-score": 0.2857142857142857,
                    "support": 4.0
                },
                "Web Attack \u0096 XSS": {
                    "precision": 0.4732824427480916,
                    "recall": 0.47692307692307695,
                    "f1-score": 0.47509578544061304,
                    "support": 130.0
                },
                "NaN": {
                    "precision": 1.0,
                    "recall": 1.0,
                    "f1-score": 1.0,
                    "support": 57721.0
                },
                "accuracy": 0.9982704702429517,
                "macro avg": {
                    "precision": 0.8505954369613306,
                    "recall": 0.8980450045574362,
                    "f1-score": 0.8683322835493847,
                    "support": 623869.0
                },
                "weighted avg": {
                    "precision": 0.9985795084332904,
                    "recall": 0.9982704702429517,
                    "f1-score": 0.998373561014812,
                    "support": 623869.0
                }
            },
            "duration": 74.05675911903381
        },
        {
            "name": "XGB_SMOTE",
            "accuracy": 0.9969737236503177,
            "report": {
                "BENIGN": {
                    "precision": 0.9999536383927093,
                    "recall": 0.9963046060446087,
                    "f1-score": 0.9981257871198274,
                    "support": 454620.0
                },
                "Bot": {
                    "precision": 0.30162412993039445,
                    "recall": 0.9923664122137404,
                    "f1-score": 0.4626334519572954,
                    "support": 393.0
                },
                "DDoS": {
                    "precision": 0.9983622538506531,
                    "recall": 0.9999218902558095,
                    "f1-score": 0.9991414634146342,
                    "support": 25605.0
                },
                "DoS GoldenEye": {
                    "precision": 0.976258309591643,
                    "recall": 0.9985429820301117,
                    "f1-score": 0.9872749099639856,
                    "support": 2059.0
                },
                "DoS Hulk": {
                    "precision": 0.9946161300742974,
                    "recall": 0.9993508601103538,
                    "f1-score": 0.9969778737182946,
                    "support": 46215.0
                },
                "DoS Slowhttptest": {
                    "precision": 0.9215189873417722,
                    "recall": 0.9927272727272727,
                    "f1-score": 0.9557986870897155,
                    "support": 1100.0
                },
                "DoS slowloris": {
                    "precision": 0.9730185497470489,
                    "recall": 0.9956859361518551,
                    "f1-score": 0.9842217484008529,
                    "support": 1159.0
                },
                "FTP-Patator": {
                    "precision": 0.9993702770780857,
                    "recall": 0.9993702770780857,
                    "f1-score": 0.9993702770780857,
                    "support": 1588.0
                },
                "Heartbleed": {
                    "precision": 1.0,
                    "recall": 1.0,
                    "f1-score": 1.0,
                    "support": 2.0
                },
                "Infiltration": {
                    "precision": 0.6,
                    "recall": 0.8571428571428571,
                    "f1-score": 0.7058823529411765,
                    "support": 7.0
                },
                "PortScan": {
                    "precision": 0.9938694441837915,
                    "recall": 0.9996539356949601,
                    "f1-score": 0.9967532976771178,
                    "support": 31786.0
                },
                "SSH-Patator": {
                    "precision": 0.9974597798475868,
                    "recall": 0.9991518235793045,
                    "f1-score": 0.9983050847457627,
                    "support": 1179.0
                },
                "Web Attack \u0096 Brute Force": {
                    "precision": 0.6567164179104478,
                    "recall": 0.7308970099667774,
                    "f1-score": 0.6918238993710691,
                    "support": 301.0
                },
                "Web Attack \u0096 Sql Injection": {
                    "precision": 0.4,
                    "recall": 0.5,
                    "f1-score": 0.4444444444444444,