{
    "results": [
        {
            "name": "RF_BalancedWeights",
            "accuracy": 0.979984580096142,
            "report": {
                "BENIGN": {
                    "precision": 0.9999344456475301,
                    "recall": 0.9730148255686067,
                    "f1-score": 0.9862909851828482,
                    "support": 454620.0
                },
                "Bot": {
                    "precision": 0.0775776766277459,
                    "recall": 0.9974554707379135,
                    "f1-score": 0.14395886889460155,
                    "support": 393.0
                },
                "DDoS": {
                    "precision": 0.997894408484754,
                    "recall": 0.9994922866627611,
                    "f1-score": 0.9986927084349574,
                    "support": 25605.0
                },
                "DoS GoldenEye": {
                    "precision": 0.9785714285714285,
                    "recall": 0.9980573093734822,
                    "f1-score": 0.98821832171195,
                    "support": 2059.0
                },
                "DoS Hulk": {
                    "precision": 0.8983548537647791,
                    "recall": 0.9996105160662123,
                    "f1-score": 0.9462817112014666,
                    "support": 46215.0
                },
                "DoS Slowhttptest": {
                    "precision": 0.9438202247191011,
                    "recall": 0.9927272727272727,
                    "f1-score": 0.9676561807709348,
                    "support": 1100.0
                },
                "DoS slowloris": {
                    "precision": 0.9931093884582257,
                    "recall": 0.994823123382226,
                    "f1-score": 0.9939655172413793,
                    "support": 1159.0
                },
                "FTP-Patator": {
                    "precision": 0.9937264742785445,
                    "recall": 0.9974811083123426,
                    "f1-score": 0.9956002514142049,
                    "support": 1588.0
                },
                "Heartbleed": {
                    "precision": 1.0,
                    "recall": 1.0,
                    "f1-score": 1.0,
                    "support": 2.0
                },
                "Infiltration": {
                    "precision": 1.0,
                    "recall": 0.8571428571428571,
                    "f1-score": 0.9230769230769231,
                    "support": 7.0
                },
                "PortScan": {
                    "precision": 0.9939619572018521,
                    "recall": 0.999528094129491,
                    "f1-score": 0.9967372549019607,
                    "support": 31786.0
                },
                "SSH-Patator": {
                    "precision": 0.6085832471561531,
                    "recall": 0.998303647158609,
                    "f1-score": 0.7561837455830389,
                    "support": 1179.0
                },
                "Web Attack \u0096 Brute Force": {
                    "precision": 0.39544513457556935,
                    "recall": 0.6345514950166113,
                    "f1-score": 0.4872448979591837,
                    "support": 301.0
                },
                "Web Attack \u0096 Sql Injection": {
                    "precision": 0.021052631578947368,
                    "recall": 0.5,
                    "f1-score": 0.04040404040404041,
                    "support": 4.0
                },
                "Web Attack \u0096 XSS": {
                    "precision": 0.08275261324041812,
                    "recall": 0.7307692307692307,
                    "f1-score": 0.1486697965571205,
                    "support": 130.0
                },
                "NaN": {
                    "precision": 1.0,
                    "recall": 1.0,
                    "f1-score": 1.0,
                    "support": 57721.0
                },
                "accuracy": 0.979984580096142,
                "macro avg": {
                    "precision": 0.7490490302690656,
                    "recall": 0.9170598273154761,
                    "f1-score": 0.7733113252084132,
                    "support": 623869.0
                },
                "weighted avg": {
                    "precision": 0.9900200832225245,
                    "recall": 0.979984580096142,
                    "f1-score": 0.9842607087734025,
                    "support": 623869.0
                }
            },
            "duration": 28.452608108520508
        },
        {
            "name": "XGB_SMOTE",
            "accuracy": 0.9969737236503177,
            "report": {
                "BENIGN": {
                    "precision": 0.9999536383927093,
                    "recall": 0.9963046060446087,
                    "f1-score": 0.9981257871198274,
                    "support": 454620.0
                },
                "Bot": {
                    "precision": 0.30162412993039445,
                    "recall": 0.9923664122137404,
                    "f1-score": 0.4626334519572954,
                    "support": 393.0
                },
                "DDoS": {
                    "precision": 0.9983622538506531,
                    "recall": 0.9999218902558095,
                    "f1-score": 0.9991414634146342,
                    "support": 25605.0
                },
                "DoS GoldenEye": {
                    "precision": 0.976258309591643,
                    "recall": 0.9985429820301117,
                    "f1-score": 0.9872749099639856,
                    "support": 2059.0
                },
                "DoS Hulk": {
                    "precision": 0.9946161300742974,
                    "recall": 0.9993508601103538,
                    "f1-score": 0.9969778737182946,
                    "support": 46215.0
                },
                "DoS Slowhttptest": {
                    "precision": 0.9215189873417722,
                    "recall": 0.9927272727272727,
                    "f1-score": 0.9557986870897155,
                    "support": 1100.0
                },
                "DoS slowloris": {
                    "precision": 0.9730185497470489,
                    "recall": 0.9956859361518551,
                    "f1-score": 0.9842217484008529,
                    "support": 1159.0
                },
                "FTP-Patator": {
                    "precision": 0.9993702770780857,
                    "recall": 0.9993702770780857,
                    "f1-score": 0.9993702770780857,
                    "support": 1588.0
                },
                "Heartbleed": {
                    "precision": 1.0,
                    "recall": 1.0,
                    "f1-score": 1.0,
                    "support": 2.0
                },
                "Infiltration": {
                    "precision": 0.6,
                    "recall": 0.8571428571428571,
                    "f1-score": 0.7058823529411765,
                    "support": 7.0
                },
                "PortScan": {
                    "precision": 0.9938694441837915,
                    "recall": 0.9996539356949601,
                    "f1-score": 0.9967532976771178,
                    "support": 31786.0
                },
                "SSH-Patator": {
                    "precision": 0.9974597798475868,
                    "recall": 0.9991518235793045,
                    "f1-score": 0.9983050847457627,
                    "support": 1179.0
                },
                "Web Attack \u0096 Brute Force": {
                    "precision": 0.6567164179104478,
                    "recall": 0.7308970099667774,
                    "f1-score": 0.6918238993710691,
                    "support": 301.0
                },
                "Web Attack \u0096 Sql Injection": {
                    "precision": 0.4,
                    "recall": 0.5,
                    "f1-score": 0.4444444444444444,