{
    "experiment_name": "Isolation Forest Sensitivity Analysis",
    "natural_attack_frequency": 0.19699645940950122,
    "results": [
        {
            "contamination": 0.1,
            "accuracy": 0.7970128005171784,
            "precision": 0.46996529007579513,
            "recall": 0.23794708102825274,
            "f1": 0.31593421311094844,
            "far": 0.06583520302670362,
            "duration": 10.58264708518982,
            "inference_duration": 2.4934446811676025
        },
        {
            "contamination": 0.15,
            "accuracy": 0.8013862075178089,
            "precision": 0.49460287532406316,
            "recall": 0.3763326130423477,
            "f1": 0.42743738193075986,
            "far": 0.09433812854691831,
            "duration": 10.685751914978027,
            "inference_duration": 2.493180990219116
        },
        {
            "contamination": 0.2,
            "accuracy": 0.780358174261546,
            "precision": 0.44329450061477765,
            "recall": 0.4493360471267563,
            "f1": 0.4462948285228295,
            "far": 0.13843429677532884,
            "duration": 10.571760177612305,
            "inference_duration": 2.4818167686462402
        }
    ],
    "mapping_logic": "-1 (Anomaly) -> 1 (Attack), 1 (Normal) -> 0 (Normal)"
}