{
    "experiment_name": "Isolation Forest Sensitivity Analysis",
    "natural_attack_frequency": 0.27129052733827136,
    "results": [
        {
            "contamination": 0.1,
            "accuracy": 0.7261059613476547,
            "precision": 0.4869341481064565,
            "recall": 0.1789079994564222,
            "f1": 0.2616728743399846,
            "duration": 11.608138084411621
        },
        {
            "contamination": 0.15,
            "accuracy": 0.7199091475934851,
            "precision": 0.47067932548031227,
            "recall": 0.2604033110978499,
            "f1": 0.33530123323417754,
            "duration": 11.52689528465271
        },
        {
            "contamination": 0.2,
            "accuracy": 0.6928938607303777,
            "precision": 0.4104085642115392,
            "recall": 0.3023946965713239,
            "f1": 0.3482177483551848,
            "duration": 11.541971921920776
        }
    ],
    "mapping_logic": "-1 (Anomaly) -> 1 (Attack), 1 (Normal) -> 0 (Normal)"
}