{
    "experiment_name": "Isolation Forest Sensitivity Analysis",
    "natural_attack_frequency": 0.27129052733827136,
    "results": [
        {
            "contamination": 0.1,
            "accuracy": 0.726293500718901,
            "precision": 0.4878809309502379,
            "recall": 0.17934522508257064,
            "f1": 0.2622772341390707,
            "duration": 14.620657444000244
        },
        {
            "contamination": 0.15,
            "accuracy": 0.7201704203927427,
            "precision": 0.47154758090355653,
            "recall": 0.260864170541628,
            "f1": 0.33590359062534475,
            "duration": 15.849845170974731
        },
        {
            "contamination": 0.2,
            "accuracy": 0.6929179042395118,
            "precision": 0.41049239205374466,
            "recall": 0.30253649947710176,
            "f1": 0.3483419334868549,
            "duration": 15.839774131774902
        }
    ],
    "mapping_logic": "-1 (Anomaly) -> 1 (Attack), 1 (Normal) -> 0 (Normal)"
}