{
    "experiment_name": "Isolation Forest Sensitivity Analysis",
    "natural_attack_frequency": 0.27129052733827136,
    "results": [
        {
            "contamination": 0.1,
            "accuracy": 0.7261059613476547,
            "precision": 0.4869341481064565,
            "recall": 0.1789079994564222,
            "f1": 0.2616728743399846,
            "far": 0.07017949056354758,
            "duration": 12.23379135131836,
            "inference_duration": 3.089045524597168
        },
        {
            "contamination": 0.15,
            "accuracy": 0.7199091475934851,
            "precision": 0.47067932548031227,
            "recall": 0.2604033110978499,
            "f1": 0.33530123323417754,
            "far": 0.10902292024108046,
            "duration": 13.223424673080444,
            "inference_duration": 2.945502996444702
        },
        {
            "contamination": 0.2,
            "accuracy": 0.6928938607303777,
            "precision": 0.4104085642115392,
            "recall": 0.3023946965713239,
            "f1": 0.3482177483551848,
            "far": 0.1617284765298491,
            "duration": 11.818044900894165,
            "inference_duration": 2.769073247909546
        }
    ],
    "mapping_logic": "-1 (Anomaly) -> 1 (Attack), 1 (Normal) -> 0 (Normal)"
}