{
    "accuracy": 0.8459380720851952,
    "precision": 0.40854247734454574,
    "recall": 0.48690415052056585,
    "f1": 0.444294549095066,
    "far": 0.10207254936868032,
    "inference_time_seconds": 2.5953848361968994
}