{
    "precision": 0.07418032015951544,
    "recall": 0.1227414911994024,
    "f1": 0.09247328217424185
}