{
    "experiment_name": "Two-Stage Hybrid Pipeline (IF -> XGBoost) UNSW-NB15",
    "accuracy": 0.9145233361548001,
    "inference_duration_seconds": 2.836681604385376,
    "stage1_anomalies_flagged": 76582,
    "stage1_bypassed": 431428,
    "report": {
        "Analysis": {
            "precision": 0.15674362089914945,
            "recall": 0.2411214953271028,
            "f1-score": 0.18998527245949925,
            "support": 535.0
        },
        "Backdoor": {
            "precision": 0.14074074074074075,
            "recall": 0.10584958217270195,
            "f1-score": 0.12082670906200318,
            "support": 359.0
        },
        "Backdoors": {
            "precision": 0.11917098445595854,
            "recall": 0.42990654205607476,
            "f1-score": 0.18661257606490872,
            "support": 107.0
        },
        "DoS": {
            "precision": 0.3421744324970131,
            "recall": 0.4377866095995109,
            "f1-score": 0.38412017167381973,
            "support": 3271.0
        },
        "Exploits": {
            "precision": 0.815969020837175,
            "recall": 0.49691184727681076,
            "f1-score": 0.6176716917922948,
            "support": 8905.0
        },
        "Fuzzers": {
            "precision": 0.4431804130085322,
            "recall": 0.7391214683439884,
            "f1-score": 0.5541125541125541,
            "support": 4849.0
        },
        "Generic": {
            "precision": 0.9946517002310994,
            "recall": 0.3495452014108038,
            "f1-score": 0.5172988101165845,
            "support": 43096.0
        },
        "Normal": {
            "precision": 0.9300185217009413,
            "recall": 0.9878333216902195,
            "f1-score": 0.9580544906960174,
            "support": 443753.0
        },
        "Reconnaissance": {
            "precision": 0.8043478260869565,
            "recall": 0.4760543245175125,
            "f1-score": 0.5981140547822182,
            "support": 2798.0
        },
        "Shellcode": {
            "precision": 0.2632450331125828,
            "recall": 0.5264900662251656,
            "f1-score": 0.3509933774834437,
            "support": 302.0
        },
        "Worms": {
            "precision": 0.2608695652173913,
            "recall": 0.6857142857142857,
            "f1-score": 0.3779527559055118,
            "support": 35.0
        },
        "accuracy": 0.9145233361548001,
        "macro avg": {
            "precision": 0.4791919871625037,
            "recall": 0.4978486131212889,
            "f1-score": 0.44143113310444143,
            "support": 508010.0
        },
        "weighted avg": {
            "precision": 0.9223928425937797,
            "recall": 0.9145233361548001,
            "f1-score": 0.9031997738807441,
            "support": 508010.0
        }
    }
}