{
    "supervised": [
        {
            "name": "XGB_BalancedWeights_UNSW",
            "accuracy": 0.9697879962992855,
            "auc_pr": 0.5707326505718799,
            "report": {
                "Analysis": {
                    "precision": 0.09671179883945841,
                    "recall": 0.2803738317757009,
                    "f1-score": 0.14381591562799617,
                    "support": 535.0
                },
                "Backdoor": {
                    "precision": 0.032398753894081,
                    "recall": 0.43454038997214484,
                    "f1-score": 0.06030150753768844,
                    "support": 359.0
                },
                "Backdoors": {
                    "precision": 0.12598425196850394,
                    "recall": 0.7476635514018691,
                    "f1-score": 0.215633423180593,
                    "support": 107.0
                },
                "DoS": {
                    "precision": 0.3490759753593429,
                    "recall": 0.25985937022317335,
                    "f1-score": 0.29793200140203296,
                    "support": 3271.0
                },
                "Exploits": {
                    "precision": 0.8371488033298647,
                    "recall": 0.5420550252667041,
                    "f1-score": 0.6580328539295208,
                    "support": 8905.0
                },
                "Fuzzers": {
                    "precision": 0.4394978373246123,
                    "recall": 0.8591462157145803,
                    "f1-score": 0.5815187046342826,
                    "support": 4849.0
                },
                "Generic": {
                    "precision": 0.9994337085014511,
                    "recall": 0.9828522368665306,
                    "f1-score": 0.9910736221439685,
                    "support": 43096.0
                },
                "Normal": {
                    "precision": 0.9999954284564869,
                    "recall": 0.9858795320820366,
                    "f1-score": 0.9928873113174361,
                    "support": 443753.0
                },
                "Reconnaissance": {
                    "precision": 0.8468132687290346,
                    "recall": 0.8120085775553967,
                    "f1-score": 0.829045794563036,
                    "support": 2798.0
                },
                "Shellcode": {
                    "precision": 0.39315068493150684,
                    "recall": 0.9503311258278145,
                    "f1-score": 0.5562015503875969,
                    "support": 302.0
                },
                "Worms": {
                    "precision": 0.6521739130434783,
                    "recall": 0.8571428571428571,
                    "f1-score": 0.7407407407407407,
                    "support": 35.0
                },
                "accuracy": 0.9697879962992855,
                "macro avg": {
                    "precision": 0.5247622203979837,
                    "recall": 0.7010775194389824,
                    "f1-score": 0.5515621295877174,
                    "support": 508010.0
                },
                "weighted avg": {
                    "precision": 0.9845044831545979,
                    "recall": 0.9697879962992855,
                    "f1-score": 0.975566161450051,
                    "support": 508010.0
                }
            },
            "duration": 26.13534450531006
        },
        {
            "name": "XGB_SMOTE_UNSW",
            "accuracy": 0.972754473337139,
            "auc_pr": 0.5544424467849194,
            "report": {
                "Analysis": {
                    "precision": 0.1513157894736842,
                    "recall": 0.25794392523364484,
                    "f1-score": 0.19073946095369732,
                    "support": 535.0
                },
                "Backdoor": {
                    "precision": 0.13719512195121952,
                    "recall": 0.12534818941504178,
                    "f1-score": 0.13100436681222707,
                    "support": 359.0
                },
                "Backdoors": {
                    "precision": 0.10507246376811594,
                    "recall": 0.5420560747663551,
                    "f1-score": 0.17602427921092564,
                    "support": 107.0
                },
                "DoS": {
                    "precision": 0.33896918461958003,
                    "recall": 0.7600122286762458,
                    "f1-score": 0.4688354549740688,
                    "support": 3271.0
                },
                "Exploits": {
                    "precision": 0.808843308675185,
                    "recall": 0.5402582818641213,
                    "f1-score": 0.6478152561772033,
                    "support": 8905.0
                },
                "Fuzzers": {
                    "precision": 0.4412269412269412,
                    "recall": 0.848422355124768,
                    "f1-score": 0.5805404642630353,
                    "support": 4849.0
                },
                "Generic": {
                    "precision": 0.9978585715966585,
                    "recall": 0.9839428253202154,
                    "f1-score": 0.9908518418992651,
                    "support": 43096.0
                },
                "Normal": {
                    "precision": 0.9999657210239816,
                    "recall": 0.986068826576947,
                    "f1-score": 0.9929686533785524,
                    "support": 443753.0
                },
                "Reconnaissance": {
                    "precision": 0.8686868686868687,
                    "recall": 0.7991422444603288,
                    "f1-score": 0.8324646314221892,
                    "support": 2798.0
                },
                "Shellcode": {
                    "precision": 0.3267441860465116,
                    "recall": 0.9304635761589404,
                    "f1-score": 0.4836488812392427,
                    "support": 302.0
                },
                "Worms": {
                    "precision": 0.25773195876288657,
                    "recall": 0.7142857142857143,
                    "f1-score": 0.3787878787878788,
                    "support": 35.0
                },
                "accuracy": 0.972754473337139,
                "macro avg": {
                    "precision": 0.49396455598469385,
                    "recall": 0.6807222038074839,
                    "f1-score": 0.5339710153743896,
                    "support": 508010.0
                },
                "weighted avg": {
                    "precision": 0.9839811458019286,
                    "recall": 0.972754473337139,
                    "f1-score": 0.9765721787280874,
                    "support": 508010.0
                }
            },
            "duration": 336.88683223724365
        }
    ],
    "metadata": {
        "limitations": []
    }
}